Name,PartyName,Province,Nominated,Term,Term.start,Term.end,Exit,S4S1V01,S4S1V02,S4S1V03,S4S1V04,S4S1V05,S4S1V06,S4S1V07,S4S1V08,S4S1V09,S4S1V10,S4S1V11,S4S1V12,S4S1V13,S4S1V14,S4S1V15,S4S1V16,S4S2V01,S4S2V02,S4S2V03,S4S2V04,S4S2V05,S4S2V06,S4S2V07,S4S2V08,S4S2V09,S4S2V10,S4S2V11,S4S2V12,S4S2V13,S4S3V01,S4S3V02,S4S3V03,S4S3V04,S4S3V05,S4S3V06,S4S3V07,S4S3V08,S4S3V09,S4S3V10,S4S3V11,S4S3V12,S4S3V13,S4S3V14,S4S3V15Date,,,,,,,,04.02.1879,04.02.1879,04.18.1879,04.18.1879,04.23.1879,04.24.1879,04.25.1879,04.25.1879,05.02.1879,05.06.1879,05.07.1879,05.07.1879,05.09.1879,05.10.1879,05.12.1879,05.12.1879,03.11.1880,03.17.1880,03.31.1880,04.27.1880,04.28.1880,05.04.1880,05.04.1880,05.04.1880,05.04.1880,05.05.1880,05.05.1880,05.07.1880,05.07.1880,04.04.1882,04.05.1882,04.13.1882,04.14.1882,04.25.1882,05.01.1882,05.01.1882,05.03.1882,05.03.1882,05.04.1882,05.04.1882,05.04.1882,05.08.1882,05.16.1882,05.16.1882Bill,,,,,,,yay=1;nay=2;paired=3;yes+no=4;yes+paired=5;no+paired=6;yes+no+paired=7;notvote=ENPTY;Abstention=8;Problem=9999,Bill:An Act to make the first day of July a public holiday by the name ofDominion DayŒéŒé as amended,Bill:An Act to make the first day of July a public holiday by the name ofDominion DayŒéŒé,Bill:An Act to provide for the liquidation of the affairs of Building Societies in the Provonce of QuebecŒé : first reading,Bill:An Act for the relief of Eliza Maria CampbellŒé: second reading as amanded,Bill: An Act respecting theOffices of Receiver-General and Minister of Public WorksŒé as amended,Bill: An Act for the relief of Eliza Maria CampbellŒé,Bill: An Act for the relief of Eliza Maria CampbellŒé as amended,Bill: An Act for the relief of Eliza Maria CampbellŒé : third reading,Bill: An Act to regulate the construction and maintenance of Marine Electric TelegrapheŒé: third reading,Bill: An Act to provide for the saleries of two additional Judges of the Supreme Court of British Colombia as amended,"Bill: An Act to amend the Acts incorporating theCíÇteau and Province Line Railway and Bridge CompanyŒé and theMontreal and City of Ottowa Junction Railway CompanyŒé and amending Atcs, and to amalgamate the said Compagnies","Bill: An Act to amend the Acts incorporating theCíÇteau and Province Line Railway and Bridge CompanyŒé and theMontreal and City of Ottowa Junction Railway CompanyŒé and amending Atcs, and to amalgamate the said Compagnies: third reading",Bill: An Act to repeat the Acts respecting Insolvency now in force in the Dominion as amended : second reding,Bill: An Act to provide for the payment of an additional temporary grant to the Province of Manitoba: third reading,Bill: An Act to provide for the salery of one additionalJudge of the Supreme Court of Nova ScotiaŒé as amended: second reading,Bill: An Act to provide for the salery of one additionalJudge of the Supreme Court of Nova ScotiaŒé as amended again: second reading,"Bill: An Act to Repeal the Act respecting Insolvency, now in force in Canada as amended: second reading",Motion,Bill: An Act respecting Dorchester Penitentiary as amended,Motion,Bill: An Act to legalize marriage with the sister of a deceased wife: second reading,Bill: An Act relating to interest on Moneys secured by Mortgage of Real Estate as amended: third reading,Bill: An Act relating to interest on Moneys secured by Mortgage of Real Estate as amended again,Bill: An Act relating to interest on Moneys secured by Mortgage of Real Estate as amended again,Bill: An Act relating to interest on Moneys secured by Mortgage of Real Estate as amended again,Consideration of the Fourth Report of the Select Committee appointed to examine and report upon the Contigent Accounts of the Senate for the present Session (p.257),"Bill: An act to remove doubts as to the true intent and meaning of Sub-section 2 of the Section 9 ofThe Canada Temperance ActŒé, 1878, and to further amend the said Act.",Bill: An Act to confirm a certain Order of the Governor in Council respecting the Graving Dock at Esquimalt : first reading,Bill: An Act relating to Interest on Moneys secured by Mortgage of Real Estate as amended,Motion for the second reading of the Bill intituled:An Act concerning  marriage with a deceaded wife's sisterŒé,"Bill: An Act to incorporate the Synod of the Diocese od Saskatchewan, and for other purposes connected therewith as amended",Bill: An Act concerning marriage with a deceased wife's sister as amended,Bill: An Act concerning marriage with a deceased wife's sister as amended: third reading,Bill: An Act to incorporate theWinnipeg and Springfield Bridge CompanyŒé as amanded,Motion,Bill: An Act of late Province of Canada intituled: An Act to incorporate the Board for the management of the Temporalities Fund of the Presbyterian Church of Canada in connection with the Church of Scotland and the Acts amending the same as amended: third reading,Motion to change some words,Motion to change some words,Bill: An Act to incorporate the Great Eastern Railway Company as amended,Motion to change some words in the Bill: An Act to incorporate the Great Eastern Railway Company ,Bill: An Act  to consolidate and amend the Acts relating to the Montreal Telegraph Company as amended,Bill: An Act to incorporate the Qu'Appelle Land Company as amended,Bill: An Act to read just the Representation in the House of Commons and  and for other purposes as amended,Bill: An Act to read just the Representation in the House of Commons and  and for other purposes as amended: third reading"Lacoste, Louis",Conservative (1867-1942),Quebec,Royal Proclamation,1867.10.23 - 1878.11.26 ,1867.10.23 , 1878.11.26 ,(Death),99,99,99,99,99,99,99,99,99,99,99,99,99,99,99,99,99,99,99,99,99,99,99,99,99,99,99,99,99,99,99,99,99,99,99,99,99,99,99,99,99,99,99,99"McDonald, Donald",Liberal Party of Canada,Ontario (Division),Royal Proclamation,1867.10.23 - 1879.01.20 ,1867.10.23 , 1879.01.20 ,(Death),99,99,99,99,99,99,99,99,99,99,99,99,99,99,99,99,99,99,99,99,99,99,99,99,99,99,99,99,99,99,99,99,99,99,99,99,99,99,99,99,99,99,99,99"Northup, Jeremiah",Liberal Party of Canada,Nova Scotia,"Macdonald, John Alexander",1870.10.10 - 1879.04.10 ,1870.10.10 , 1879.04.10 ,(Death),9,9,99,99,99,99,99,99,99,99,99,99,99,99,99,99,99,99,99,99,99,99,99,99,99,99,99,99,99,99,99,99,99,99,99,99,99,99,99,99,99,99,99,99"Haviland, Thomas Heath",Conservative (1867-1942),Prince Edward Island,"Macdonald, John Alexander",1873.10.18 - 1879.07.01 ,1873.10.18 , 1879.07.01 ,(Resignation),2,1,1,2,9,9,1,1,1,2,2,1,2,1,2,2,99,99,99,99,99,99,99,99,99,99,99,99,99,99,99,99,99,99,99,99,99,99,99,99,99,99,99,99"Carrall, Robert William Weir",Conservative (1867-1942),British Columbia,"Macdonald, John Alexander",1871.12.13 - 1879.09.19 ,1871.12.13 , 1879.09.19 ,(Death),2,1,1,9,9,9,1,1,9,1,2,1,9,9,9,9,99,99,99,99,99,99,99,99,99,99,99,99,99,99,99,99,99,99,99,99,99,99,99,99,99,99,99,99"Wilmot, Robert Duncan",Conservative (1867-1942),New Brunswick,Royal Proclamation,1867.10.23 - 1880.02.10 ,1867.10.23 , 1880.02.10 ,(Resignation),2,1,1,2,2,9,1,1,2,2,2,1,1,1,2,2,99,99,99,99,99,99,99,99,99,99,99,99,99,99,99,99,99,99,99,99,99,99,99,99,99,99,99,99"Seymour, Benjamin",Conservative (1867-1942),Ontario,Royal Proclamation,1867.10.23 - 1880.03.23 ,1867.10.23 , 1880.03.23 ,(Death),1,2,1,2,2,1,1,1,1,9,9,2,1,2,2,2,2,9,99,99,99,99,99,99,99,99,99,99,99,99,99,99,99,99,99,99,99,99,99,99,99,99,99,99"Brown, George",Liberal Party of Canada,Ontario,"Mackenzie, Alexander",1873.12.16 - 1880.05.09 ,1873.12.16 , 1880.05.09 ,(Death),9,9,9,9,9,9,9,9,9,1,1,1,1,2,9,9,2,9,9,9,9,9,9,9,9,9,9,9,9,99,99,99,99,99,99,99,99,99,99,99,99,99,99,99"Christie, David",Liberal Party of Canada,Ontario,Royal Proclamation,1867.10.23 - 1880.12.15 ,1867.10.23 , 1880.12.15 ,(Death),9,9,1,2,2,1,1,1,2,1,2,1,1,2,1,2,1,1,9,9,1,9,9,9,9,1,2,9,9,99,99,99,99,99,99,99,99,99,99,99,99,99,99,99"Howlan, George William",Liberal Party of Canada,Prince Edward Island,"Macdonald, John Alexander",1873.10.18 - 1880.12.27 ,1873.10.18 , 1880.12.27 ,(Resignation),9,9,9,9,9,9,9,9,1,9,9,9,9,9,2,2,9,1,9,9,9,9,9,9,9,9,9,9,9,99,99,99,99,99,99,99,99,99,99,99,99,99,99,99"Skead, James",Conservative (1867-1942),Ontario,Royal Proclamation,1867.10.23 - 1881.01.20 ,1867.10.23 , 1881.01.20 ,(Resignation),9,9,9,9,9,9,9,9,9,9,9,9,9,9,9,9,9,9,9,9,9,9,9,9,9,9,9,9,9,99,99,99,99,99,99,99,99,99,99,99,99,99,99,99"McLelan, Archibald Woodbury",Conservative (1867-1942),Nova Scotia,"Macdonald, John Alexander",1869.06.21 - 1881.05.20 ,1869.06.21 , 1881.05.20 ,(Resignation),1,2,2,1,2,2,2,2,2,1,2,1,2,2,2,1,2,2,9,1,1,1,2,2,1,1,2,9,9,99,99,99,99,99,99,99,99,99,99,99,99,99,99,99"Cornwall, Clement Francis",Conservative (1867-1942),British Columbia,"Macdonald, John Alexander",1871.12.13 - 1881.07.01 ,1871.12.13 , 1881.07.01 ,(Resignation),1,2,2,1,9,9,2,2,1,1,1,2,1,1,2,2,9,2,9,1,1,2,1,1,1,1,1,1,1,99,99,99,99,99,99,99,99,99,99,99,99,99,99,99"Bull, Harcourt Burland",Conservative (1867-1942),Ontario,"Macdonald, John Alexander",1879.02.24 - 1881.08.12 ,1879.02.24 , 1881.08.12 ,(Death),2,1,1,2,9,1,1,1,1,2,1,9,1,9,2,2,1,1,2,9,9,9,9,9,9,9,9,9,9,99,99,99,99,99,99,99,99,99,99,99,99,99,99,99"Brouse, William Henry",Reformer,Ontario,"Mackenzie, Alexander",1878.08.09 - 1881.08.23 ,1878.08.09 , 1881.08.23 ,(Death),2,1,1,2,2,9,1,1,2,1,1,9,9,9,2,2,9,1,9,1,9,1,2,2,1,1,2,1,2,99,99,99,99,99,99,99,99,99,99,99,99,99,99,99"Penny, Edward Goff",Liberal Party of Canada,Quebec,"Mackenzie, Alexander",1874.03.13 - 1881.10.11 ,1874.03.13 , 1881.10.11 ,(Death),1,2,2,1,2,2,2,2,2,1,1,2,1,2,1,2,1,9,1,2,2,1,1,1,1,1,1,2,9,99,99,99,99,99,99,99,99,99,99,99,99,99,99,99"Aikins, James Cox",Liberal-Conservative,Ontario,Royal Proclamation,1867.10.23 - 1882.05.30 ,1867.10.23 , 1882.05.30 ,(Resignation),2,1,1, ,2,1,1,1,1,2,2,1,1,1,2,2,2,1,2,1,2,2,2,1,2,1,2,1,2,2,2,2,2,1,9,9,2,1,2,1,2,1,2,2"Fabre, Hector",Nationalist,Quebec,"Mackenzie, Alexander",1875.02.05 - 1882.07.12 ,1875.02.05 , 1882.07.12 ,(Resignation),9,9,9,9,1,9,9,9,2,1,1,2,1,9,2,2,1,1,9,1,2,9,9,9,9,1,1,9,9,9,9,9,9,1,9,9,9,9,1,2,2,9,2,2"Hope, Adam",Liberal Party of Canada,Ontario,"Mackenzie, Alexander",1877.01.03 - 1882.08.07 ,1877.01.03 , 1882.08.07 ,(Death),2,1,1,2,2,1,1,1,2,1,1,2,1,1,1,1,1,9,1,2,2,2,1,2,2,1,2,2,2,2,1,9,9,9,9,9,9,9,9,9,9,9,9,9"Dumouchel, Lí©andre",Conservative (1867-1942),Quebec,Royal Proclamation,1867.10.23 - 1882.09.23 ,1867.10.23 , 1882.09.23 ,(Death),9,9,2,1,1,9,2,2,1,2,1,2,2,1,2,2,2,2,2,1,1,1,2,2,1,1,2,1,2,9,9,9,9,9,9,9,9,9,9,9,9,9,9,9"Hamilton, John",Conservative (1867-1942),Ontario,Royal Proclamation,1867.10.23 - 1882.10.10 ,1867.10.23 , 1882.10.10 ,(Death),2,1,2,2,9,9,9,9,1,9,9,9,1,9,9,9,9,1,2,1,2,2,2,1,1,1,1,9,9,2,1,9,9,9,9,9,9,9,9,9,9,9,9,9"Chinic, EugíÂne",Conservative (1867-1942),Quebec,"Macdonald, John Alexander",1873.04.10 - 1882.11.03 ,1873.04.10 , 1882.11.03 ,(Resignation),2,1,9,9,9,9,9,9,9,9,9,9,9,9,9,9,9,9,9,9,9,9,9,9,9,9,9,9,9,9,9,9,9,9,9,9,9,9,9,9,9,9,9,9"Bureau, Jacques-Olivier",Liberal Party of Canada,Quebec,Royal Proclamation,1867.10.23 - 1883.02.07 ,1867.10.23 , 1883.02.07 ,(Death),9,9,9,9,1,9,2,2,2,1,1,2,2,1,1,2,2,1,9,1,1,1,2,2,9,1,2,2,9,9,9,9,9,9,9,9,9,9,2,1,2,1,9,9"Gibbs, Thomas Nicholson",Liberal-Conservative,Ontario,"Macdonald, John Alexander",1880.04.03 - 1883.04.07 ,1880.04.03 , 1883.04.07 ,(Death),99,99,99,99,99,99,99,99,99,99,99,99,99,99,99,99,99,99,99,1,2,2,1,1,2,1,1,1,1,2,9,2,2,1,2,2,2,1,2,1,2,9,2,2"Price, David Edward",Conservative (1867-1942),Quebec,Royal Proclamation,1867.10.23 - 1883.08.22 ,1867.10.23 , 1883.08.22 ,(Death),9,9,9,9,9,9,1,1,9,9,9,9,9,9,9,9,9,9,9,9,2,9,9,9,9,9,9,9,9,9,9,9,9,9,9,9,9,9,9,9,9,9,9,9"Bourinot, John",Liberal-Conservative,Nova Scotia,Royal Proclamation,1867.10.23 - 1884.01.21 ,1867.10.23 , 1884.01.21 ,(Death),2,1,9,9,9,1,1,1,1,2,2,1,2,2,2,2,2,2,9,1,1,1,1,2,9,9,9,9,9,1,9,1,9,1,9,9,2,1,2,1,2,9,2,9"Dickson, Walter Hamilton",Conservative (1867-1942),Ontario,Royal Proclamation,1867.10.23 - 1884.02.19 ,1867.10.23 , 1884.02.19 ,(Resignation),2,1,2,2,1,1,1,1,2,1,2,1,1,2,2,2,2,1,9,1,1,1,2,2,1,1,1,9,9,9,9,9,9,9,9,9,9,9,9,9,9,9,9,9"Skead, James",Conservative (1867-1942),Ontario,"Macdonald, John Alexander",1881.12.24 - 1884.07.05 ,1881.12.24 , 1884.07.05 ,(Death),99,99,99,99,99,99,99,99,99,99,99,99,99,99,99,99,99,99,99,99,99,99,99,99,99,99,99,99,99,2,1,9,2,9,2,2,2,1,2,1,9,9,2,2"Pozer, Christian Henry",Nationalist,Quebec,"Mackenzie, Alexander",1876.09.20 - 1884.07.18 ,1876.09.20 , 1884.07.18 ,(Death),1,2,2,1,1,9,2,2,2,1,1,2,2,2,1,2,2,2,1,1,1,1,2,2,1,1,2,9,9,1,9,1,1,2,9,1,2,1,1,2,2,9,1,1"Muirhead, William",Liberal Party of Canada,New Brunswick,"Macdonald, John Alexander",1873.01.04 - 1884.12.29 ,1873.01.04 , 1884.12.29 ,(Death),1,2,1,2,2,1,1,1,2,1,9,2,1,1,2,2,1,2,9,9,9,9,9,9,9,9,9,9,9,2,2,2,2,9,2,2,2,1,9,9,9,9,9,9"Benson, James Rea",Liberal-Conservative,Ontario,"Macdonald, John Alexander",1868.03.14 - 1885.03.18 ,1868.03.14 , 1885.03.18 ,(Death),2,1,1,2,2,1,1,1,1,2,2,1,1,2,2,2,2,1,2,1,2,2,1,2,1,1,2,9,9,2,2,2,2,1,9,9,9,9,2,9,9,9,9,9"Simpson, John",Liberal Party of Canada,Ontario,Royal Proclamation,1867.10.23 - 1885.03.21 ,1867.10.23 , 1885.03.21 ,(Death),1,2,2,1,2,2,2,2,2,1,2,9,2,2,2,2,2,1,2,1,2,9,9,2,1,1,2,9,9,2,2,2,2,2,9,2,2,1,2,9,9,9,9,9"Chapais, Jean-Charles",Conservative (1867-1942),Quebec,"Macdonald, John Alexander",1868.01.30 - 1885.07.17 ,1868.01.30 , 1885.07.17 ,(Death),1,2,2,1,1,2,2,2,2,2,9,1,2,1,2,2,2,1,2,1,1,1,2,2,1,1,2,9,9,1,2,1,1,2,9,2,2,1,1,1,2,1,2,2"Northwood, Joseph",Liberal-Conservative,Ontario,"Macdonald, John Alexander",1880.05.19 - 1886.10.29 ,1880.05.19 , 1886.10.29 ,(Death),99,99,99,99,99,99,99,99,99,99,99,99,99,99,99,99,99,99,99,99,99,99,99,99,99,99,99,99,99,1,9,1,9,1,9,2,2,1,2,1,9,9,2,2"Campbell, Alexander",Conservative (1867-1942),Ontario,Royal Proclamation,1867.10.23 - 1887.02.07 ,1867.10.23 , 1887.02.07 ,(Resignation),2,1,2,9,9,2,2,2,1,2,2,1,1,2,2,2,2,1,2,1,1,2,2,2,2,1,9,1,2,2,2,2,2,1,2,2,2,1,2,1,2,1,2,2"Nelson, Hugh",Liberal-Conservative,British Columbia,"Macdonald, John Alexander",1879.12.12 - 1887.03.01 ,1879.12.12 , 1887.03.01 ,(Resignation),99,99,99,99,99,99,99,99,99,99,99,99,99,99,99,99,1,2,2,9,9,9,9,9,9,9,9,9,9,9,9,9,9,9,9,9,9,9,9,9,9,9,9,9"Hamilton, John",Conservative (1867-1942),QuebecF,Royal Proclamation,1867.10.23 - 1887.05.01 ,1867.10.23 , 1887.05.01 ,(Resignation),2,1,9,9,1,9,9,9,9,9,2,1,1,1,9,9,1,9,9,1,2,9,9,9,9,9,9,9,9,9,9,9,9,9,9,9,9,9,2,1,2,9,9,9"Cormier, Charles",Nationalist Liberal,Quebec,Royal Proclamation,1867.10.23 - 1887.05.07 ,1867.10.23 , 1887.05.07 ,(Death),1,2,1,2,1,9,9,9,2,1,1,2,2,9,2,2,2,2,9,1,1,1,2,2,1,1,2,9,9,1,2,9,1,2,9,9,9,9,1,9,9,9,9,9"McMaster, William",Liberal Party of Canada,Ontario,Royal Proclamation,1867.10.23 - 1887.09.22 ,1867.10.23 , 1887.09.22 ,(Death),2,1,2,2,2,1,1,1,9,1,2,1,1,2,1,2,1,1,9,1,2,2,1,1,2,1,2,2,2,2,1,2,2,1,9,9,2,1,2,1,2,1,1,1"Ferrier, James",Conservative (1867-1942),Quebec,Royal Proclamation,1867.10.23 - 1888.05.30 ,1867.10.23 , 1888.05.30 ,(Death),2,1,1,2,9,1,9,9,1,2,1,2,9,9,9,9,2,1,9,1,2,2,1,1,1,1,2,9,9,2,9,2,2,1,1,1,9,9,2,1,2,9,2,2"Ferguson, John",Conservative (1867-1942),New Brunswick,Royal Proclamation,1867.10.23 - 1888.08.21 ,1867.10.23 , 1888.08.21 ,(Death),9,9,1,2,9,1,1,1,9,9,2,1,9,9,9,2,2,2,2,1,2,9,9,9,9,9,9,9,9,2,9,2,2,9,2,2,9,9,9,9,9,1,9,9"Ryan, Thomas",Liberal-Conservative,Quebec,Royal Proclamation,1867.10.23 - 1889.05.25 ,1867.10.23 , 1889.05.25 ,(Death),2,1,9,1,1,9,9,9,9,9,1,2,1,1,2,2,9,2,9,1,1,9,9,1,9,1,9,1,9,9,9,9,1,1,9,9,9,9,2,1,2,1,2,2"Carvell, Jedediah Slason",Conservative (1867-1942),Prince Edward Island,"Macdonald, John Alexander",1879.12.18 - 1889.07.03 ,1879.12.18 , 1889.07.03 ,(Resignation),99,99,99,99,99,99,99,99,99,99,99,99,99,99,99,99,2,1,2,9,9,9,9,9,9,9,9,9,9,1,2,9,2,1,2,9,2,1,1,2,1,1,2,2"Trudel, Franí_ois-Xavier-Anselme",Conservative (1867-1942),Quebec,"Macdonald, John Alexander",1873.10.31 - 1890.01.17 ,1873.10.31 , 1890.01.17 ,(Death),2,1,2,1,1,2,2,2,1,1,1,2,2,1,2,9,2,1,2,1,1,1,2,2,1,1,2,9,9,1,2,1,1,2,1,1,2,1,1,2,2,1,9,9"Archibald, Thomas Dickson",Liberal-Conservative,Nova Scotia,Royal Proclamation,1867.10.23 - 1890.10.18 ,1867.10.23 , 1890.10.18 ,(Death),1,2,1,2,2,1,1,1,1,2,2,1,2,2,2,2,2,2,2,1,1,1,2,9,1,1,2,1,2,2,1,2,2,1,2,2,2,1,2,1,2,9,9,9"Howlan, George William",Liberal Party of Canada,Prince Edward Island,"Macdonald, John Alexander",1881.01.05 - 1891.02.18 ,1881.01.05 , 1891.02.18 ,(Resignation),99,99,99,99,99,99,99,99,99,99,99,99,99,99,99,99,99,99,99,99,99,99,99,99,99,99,99,99,99,2,2,2,9,1,1,1,2,1,2,1,2,9,9,9"Haythorne, Robert Poore",Liberal Party of Canada,Prince Edward Island,"Macdonald, John Alexander",1873.10.18 - 1891.05.07 ,1873.10.18 , 1891.05.07 ,(Death),1,2,1,2,2,1,1,1,2,1,1,2,1,1,2,2,1,2,1,2,1,2,2,2,1,2,1,9,9,2,2,2,2,1,2,2,1,1,1,2,1,2,1,1"Leonard, Elijah",Liberal Party of Canada,Ontario,Royal Proclamation,1867.10.23 - 1891.05.14 ,1867.10.23 , 1891.05.14 ,(Death),9,9,1,2,2,1,1,1,2,1,2,1,1,9,1,1,1,1,9,2,2,2,1,1,1,1,2,9,9,2,1,2,2,1,2,2,2,1,1,2,1,9,1,1"Alexander, George",Conservative (1867-1942),Ontario,"Macdonald, John Alexander",1873.05.30 - 1891.05.29 ,1873.05.30 , 1891.05.29 ,(Resignation),1,2,2,2,2,1,1,1,1,1,1,2,9,1,2,2,9,9,9,2,9,2,2,1,1,2,1,9,9,2,9,2,2,2,2,2,9,2,2,1,2,1,9,9"Odell, William Hunter",Conservative (1867-1942),New Brunswick,Royal Proclamation,1867.10.23 - 1891.07.25 ,1867.10.23 , 1891.07.25 ,(Death),9,9,2,2,9,9,1,1,2,2,2,1,9,1,2,2,2,1,2,1,1,1,2,2,1,1,9,9,9,1,2,2,9,1,1,1,2,2,1,9,2,9,2,2"Baillargeon, Pierre",Liberal Party of Canada,Quebec,"Mackenzie, Alexander",1874.03.27 - 1891.12.15 ,1874.03.27 , 1891.12.15 ,(Death),1,2,2,1,1,9,2,2,2,1,1,2,2,1,2,2,2,9,2,1,2,1,2,2,1,1,1,9,9,2,9,9,9,1,9,9,2,1,1,2,2,1,1,1"Pí¢quet, Anselme HomíÂre",Liberal Party of Canada,Quebec,"Mackenzie, Alexander",1875.02.09 - 1891.12.22 ,1875.02.09 , 1891.12.22 ,(Death),9,9,2,1,1,2,9,9,2,1,1,2,1,1,2,2,2,1,9,1,2,1,2,2,1,1,1,9,9,2,9,1,1,9,9,9,2,1,1,2,2,1,1,1"Stevens, Gardner Green",Liberal Party of Canada,Quebec,"Mackenzie, Alexander",1876.02.12 - 1892.04.15 ,1876.02.12 , 1892.04.15 ,(Death),1,2,9,9,2,1,1,1,1,1,2,1,2,2,1,9,2,1,9,9,2,2,2,2,1,1,2,9,9,2,9,2,2,2,9,2,2,1,1,2,9,1,1,1"Girard, Marc-Amable",Conservative (1867-1942),Manitoba,"Macdonald, John Alexander",1871.12.13 - 1892.09.12 ,1871.12.13 , 1892.09.12 ,(Death),9,2,2,1,1,2,2,2,9,2,2,1,2,1,2,2,2,1,2,1,1,1,2,2,1,1,2,1,2,1,1,1,1,9,9,9,9,9,9,9,9,9,9,9"Grant, Robert Patterson",Liberal Party of Canada,Nova Scotia,"Mackenzie, Alexander",1877.02.02 - 1892.11.13 ,1877.02.02 , 1892.11.13 ,(Death),9,9,1,2,9,9,1,1,2,1,2,1,1,2,1,1,1,1,9,1,1,1,1,2,9,9,2,9,9,2,1,2,2,2,2,2,2,1,1,2,2,2,1,1"Montgomery, Donald",Conservative (1867-1942),Prince Edward Island,"Macdonald, John Alexander",1873.10.18 - 1893.07.31 ,1873.10.18 , 1893.07.31 ,(Death),2,1,1,2,1,1,1,1,2,2,9,1,1,1,2,2,2,2,2,1,2,1,2,2,9,1,1,9,9,2,1,2,2,2,2,2,2,1,9,9,9,1,2,2"Boyd, John",Liberal-Conservative,New Brunswick,"Macdonald, John Alexander",1880.02.11 - 1893.09.21 ,1880.02.11 , 1893.09.21 ,(Resignation),99,99,99,99,99,99,99,99,99,99,99,99,99,99,99,99,9,9,2,1,2,1,9,1,9,1,1,9,9,2,1,2,2,1,9,9,9,9,9,9,9,9,9,9"Botsford, Amos Edwin",Conservative (1867-1942),New Brunswick,Royal Proclamation,1867.10.23 - 1894.03.22 ,1867.10.23 , 1894.03.22 ,(Death),9,9,9,9,9,9,9,9,9,9,2,1,2,2,2,2,2,1,2,1,2,1,1,1,2,1,1,1,1,2,2,2,2,1,1,9,2,1,9,1,2,1,9,9"Flint, Billa",Liberal Party of Canada,Ontario,Royal Proclamation,1867.10.23 - 1894.06.14 ,1867.10.23 , 1894.06.14 ,(Death),2,1,1,2,1,1,1,1,2,2,1,9,1,1,2,2,2,2,2,1,2,2,2,1,1,2,2,1,2,2,1,2,2,1,2,2,9,9,1,9,2,1,2,2"Glasier, John",Liberal Party of Canada,New Brunswick,"Macdonald, John Alexander",1868.03.14 - 1894.07.07 ,1868.03.14 , 1894.07.07 ,(Death),9,9,1,2,2,1,1,1,1,2,9,9,9,1,2,2,2,2,9,9,9,2,9,1,1,1,1,9,2,2,1,2,2,1,9,2,1,2,9,1,9,1,2,2"Chaffers, William Henry",Liberal Party of Canada,Quebec,Royal Proclamation,1867.10.23 - 1894.07.19 ,1867.10.23 , 1894.07.19 ,(Death),2,1,2,1,1,9,2,2,2,1,1,2,2,2,2,2,2,1,9,1,1,1,2,2,9,1,2,2,9,1,2,1,1,2,2,9,2,1,1,2,2,1,1,1"Kaulback, Henry Adolphus Newman",Conservative (1867-1942),Nova Scotia,"Macdonald, John Alexander",1872.03.27 - 1896.01.08 ,1872.03.27 , 1896.01.08 ,(Death),2,1,2,1,1,2,2,2,1,1,1,2,2,1,1,1,2,2,9,2,1,2,2,2,1,1,1,9,9,1,2,2,2,1,9,9,1,2,1,2,9,1,9,9"GuíÂvremont, Jean-Baptiste",Conservative (1867-1942),Quebec,Royal Proclamation,1867.10.23 - 1896.06.14 ,1867.10.23 , 1896.06.14 ,(Resignation),1,2,9,9,1,9,9,9,9,2,1,2,2,2,2,2,2,1,9,9,1,9,9,9,1,1,2,9,9,9,9,9,9,9,9,9,9,9,1,2,9,1,9,9"Read, Robert",Conservative (1867-1942),Ontario,"Macdonald, John Alexander",1871.02.24 - 1896.06.29 ,1871.02.24 , 1896.06.29 ,(Death),2,1,1,9,1,1,1,1,1,9,1,2,2,1,2,2,2,1,9,9,2,2,2,2,1,1,9,1,2,2,1,2,2,1,9,9,1,2,2,1,2,9,2,2"Macpherson, David Lewis",Conservative (1867-1942),Ontario,Royal Proclamation,1867.10.23 - 1896.08.16 ,1867.10.23 , 1896.08.16 ,(Death),2,1,2,9,2,2,2,2,2,2,2,1,1,2,2,2,9,9,9,1,2,2,1,9,1,1,1,1,1,2,2,2,2,1,2,2,2,1,2,1,2,1,2,2"McClelan, Abner Reid",Liberal Party of Canada,New Brunswick,Royal Proclamation,1867.10.23 - 1896.12.09 ,1867.10.23 , 1896.12.09 ,(Resignation),1,2,1,1,2,9,2,2,2,1,2,1,2,9,1,1,2,2,9,2,1,1,1,9,2,9,2,9,9,2,1,9,2,1,2,2,9,9,1,2,1,2,9,1"McInnes, Thomas Robert",Independent,British Columbia,"Macdonald, John Alexander",1881.12.24 - 1897.11.18 ,1881.12.24 , 1897.11.18 ,(Resignation),99,99,99,99,99,99,99,99,99,99,99,99,99,99,99,99,99,99,99,99,99,99,99,99,99,99,99,99,99,2,2,2,2,9,9,2,9,9,9,9,1,1,9,9"MacFarlane, Alexander",Conservative (1867-1942),Nova Scotia,"Macdonald, John Alexander",1870.10.10 - 1898.12.14 ,1870.10.10 , 1898.12.14 ,(Death),2,1,2,2,1,1,1,1,2,9,9,9,9,9,9,9,2,2,2,1,2,1,9,2,1,1,1,1,9,2,9,2,2,2,2,2,2,1,2,1,9,1,9,9"Sutherland, John",Independent Conservative,Manitoba,"Macdonald, John Alexander",1871.12.13 - 1899.04.13 ,1871.12.13 , 1899.04.13 ,(Resignation),1,2,1,2,9,1,1,1,1,9,2,1,1,9,2,2,2,2,2,1,1,9,2,2,1,1,9,9,9,2,2,2,2,2,2,2,9,9,9,9,9,9,9,9"Bellerose, Joseph Hyacinthe",Conservative (1867-1942),Quebec,"Macdonald, John Alexander",1873.10.07 - 1899.08.13 ,1873.10.07 , 1899.08.13 ,(Death),2,1,2,1,1,9,9,9,1,2,1,2,2,1,2,2,2,1,9,1,1,9,9,2,1,9,2,9,9,1,2,1,1,2,1,1,2,1,1,2,1,2,9,9"Smith, Frank",Conservative (1867-1942),Ontario,"Macdonald, John Alexander",1871.02.02 - 1900.01.01 ,1871.02.02 , 1900.01.01 ,(Resignation),2,1,9,9,2,1,1,1,1,2,2,1,1,1,2,2,9,1,9,1,2,2,1,1,2,1,1,9,9,2,2,9,9,1,2,2,2,1,2,1,2,9,9,9"Lewin, James Davies",Liberal Party of Canada,New Brunswick,"Mackenzie, Alexander",1876.11.10 - 1900.03.11 ,1876.11.10 , 1900.03.11 ,(Death),1,2,9,9,9,9,9,9,9,9,9,9,9,9,9,9,1,2,9,9,2,9,9,9,9,9,9,9,9,2,2,2,9,9,9,9,9,9,9,9,9,9,9,9"MacInnes, Donald",Liberal-Conservative,Ontario,"Macdonald, John Alexander",1881.12.24 - 1900.12.02 ,1881.12.24 , 1900.12.02 ,(Death),99,99,99,99,99,99,99,99,99,99,99,99,99,99,99,99,99,99,99,99,99,99,99,99,99,99,99,99,99,2,2,2,2,1,9,9,9,9,9,9,9,1,2,2"Reesor, David",Liberal Party of Canada,Ontario,Royal Proclamation,1867.10.23 - 1901.01.01 ,1867.10.23 , 1901.01.01 ,(Resignation),2,1,1,2,2,1,1,1,2,1,2,1,1,1,2,2,2,2,1,9,2,2,2,2,2,1,2,9,9,9,9,9,9,9,9,9,9,9,9,9,9,9,9,9"Ogilvie, Alexander Walker",Conservative (1867-1942),Quebec,"Macdonald, John Alexander",1881.12.24 - 1901.01.18 ,1881.12.24 , 1901.01.18 ,(Resignation),99,99,99,99,99,99,99,99,99,99,99,99,99,99,99,99,99,99,99,99,99,99,99,99,99,99,99,99,99,9,9,9,9,9,9,9,9,9,2,1,1,1,2,2"Almon, William Johnston",Liberal-Conservative,Nova Scotia,"Macdonald, John Alexander",1879.04.15 - 1901.02.18 ,1879.04.15 , 1901.02.18 ,(Death),99,99,9,9,2,2,2,2,1,2,2,1,2,1,2,2,2,1,9,9,9,9,9,9,9,9,9,9,9,2,2,2,2,9,1,1,1,2,2,2,1,1,9,9"Allan, George William",Conservative (1867-1942),Ontario,Royal Proclamation,1867.10.23 - 1901.07.24 ,1867.10.23 , 1901.07.24 ,(Death),2,1,2,9,2,2,2,2,1,9,9,9,9,9,9,9,1,2,9,9,1,2,1,2,2,1,2,1,2,1,2,9,9,1,9,9,2,1,2,1,2,1,9,9"O'Donohoe, John",Liberal-Conservative,Ontario,"Macdonald, John Alexander",1882.05.21 - 1902.12.07 ,1882.05.21 , 1902.12.07 ,(Death),99,99,99,99,99,99,99,99,99,99,99,99,99,99,99,99,99,99,99,99,99,99,99,99,99,99,99,99,99,99,99,99,99,99,99,99,99,99,99,99,99,99,99,99"Armand, Joseph Franí_ois",Conservative (1867-1942),Quebec,Royal Proclamation,1867.10.23 - 1903.01.01 ,1867.10.23 , 1903.01.01 ,(Death),2,1,2,1,1,2,2,2,1,2,1,2,2,2,2,2,2,1,2,1,1,1,2,2,1,1,2,1,2,1,9,1,1,2,1,1,2,1,1,2,2,2,9,9"Dickey, Robert Barry",Conservative (1867-1942),Nova Scotia,Royal Proclamation,1867.10.23 - 1903.07.14 ,1867.10.23 , 1903.07.14 ,(Death),1,2,1,9,2,1,1,1,1,1,2,1,2,2,2,2,2,2,9,1,1,1,1,1,2,1,1,1,1,1,1,9,2,1,2,2,9,9,2,1,2,9,9,9"Cochrane, Matthew Henry",Conservative (1867-1942),Quebec,"Macdonald, John Alexander",1872.10.17 - 1903.08.12 ,1872.10.17 , 1903.08.12 ,(Death),2,1,2,2,9,1,1,1,9,9,1,9,9,9,2,2,2,1,9,1,2,9,9,9,9,1,9,9,9,9,9,9,9,9,9,9,9,9,9,9,9,9,9,9"Dever, James",Liberal Party of Canada,New Brunswick,"Macdonald, John Alexander",1868.03.14 - 1904.05.07 ,1868.03.14 , 1904.05.07 ,(Death),2,1,1,2,1,9,9,9,1,2,1,2,2,1,2,2,1,2,2,1,2,1,2,2,1,1,1,9,1,2,2,2,2,2,9,9,2,1,9,9,9,1,2,2"Pelletier, Charles Alphonse Pantalí©on",Liberal Party of Canada,Quebec,"Mackenzie, Alexander",1877.02.02 - 1904.09.01 ,1877.02.02 , 1904.09.01 ,(Resignation),1,2,9,9,9,9,2,2,2,1,1,2,9,2,9,9,2,1,1,9,2,1,2,2,1,1,9,9,1,2,9,2,2,1,2,2,2,1,1,2,2,2,9,9"Wark, David",Liberal Party of Canada,New Brunswick,Royal Proclamation,1867.10.23 - 1905.08.20 ,1867.10.23 , 1905.08.20 ,(Death),1,2,1,2,2,1,1,1,1,1,2,1,1,9,1,9,1,2,9,1,1,1,1,2,9,1,2,9,9,1,1,1,9,1,2,2,9,9,1,2,1,2,1,1"Vidal, Alexander",Conservative (1867-1942),Ontario,"Macdonald, John Alexander",1873.01.15 - 1906.11.18 ,1873.01.15 , 1906.11.18 ,(Death),2,1,2,1,2,1,2,2,2,2,1,9,1,9,2,2,2,2,9,1,1,2,1,1,2,1,2,1,9,1,2,9,2,9,2,2,9,9,2,1,2,1,9,9"Thibaudeau, Joseph-Rosaire",Liberal Party of Canada,Quebec,"Mackenzie, Alexander",1878.01.04 - 1909.06.16 ,1878.01.04 , 1909.06.16 ,(Death),1,2,9,9,9,9,9,9,9,1,1,2,1,9,9,9,9,9,9,9,2,9,9,9,9,9,9,9,9,9,9,9,9,9,9,9,9,9,1,2,2,9,9,9"McKay, Thomas",Liberal-Conservative,Nova Scotia,"Macdonald, John Alexander",1881.12.24 - 1912.01.13 ,1881.12.24 , 1912.01.13 ,(Death),99,99,99,99,99,99,99,99,99,99,99,99,99,99,99,99,99,99,99,99,99,99,99,99,99,99,99,99,99,9,1,2,2,1,2,2,9,9,2,1,1,1,2,2"Miller, William",Liberal-Conservative,Nova Scotia,Royal Proclamation,1867.10.23 - 1912.02.23 ,1867.10.23 , 1912.02.23 ,(Death),1,2,2,1,1,2,2,2,2,1,9,9,9,9,1,1,2,2,2,1,1,1,2,2,1,1,1,1,1,2,9,2,2,1,2,2,2,1,9,9,2,1,9,9"Scott, Richard William",Liberal Party of Canada,Ontario,"Mackenzie, Alexander",1874.03.13 - 1913.04.23 ,1874.03.13 , 1913.04.23 ,(Death),2,1,2,1,2,2,2,2,2,1,2,1,9,9,9,9,1,1,9,1,9,9,9,9,9,9,2,2,2,2,2,9,9,9,2,2,2,1,1,2,1,9,1,1"Macdonald, William John",Conservative (1867-1942),British Columbia,"Macdonald, John Alexander",1871.12.13 - 1915.04.13 ,1871.12.13 , 1915.04.13 ,(Resignation),2,1,9,9,9,2,2,2,1,1,2,1,2,1,2,2,2,2,9,1,1,1,2,2,9,1,9,1,1,1,1,2,2,1,2,2,2,1,2,1,9,9,9,9"Boucher de Boucherville, Charles EugíÂne",Conservative (1867-1942),Quebec,"Macdonald, John Alexander",1879.02.12 - 1915.09.11 ,1879.02.12 , 1915.09.11 ,(Death),2,1,1,1,1,9,2,2,1,2,1,2,2,9,2,2,2,9,2,1,1,1,9,2,9,1,1,1,2,9,9,9,9,9,9,9,9,9,9,9,9,9,9,9"Power, Lawrence Geoffrey",Liberal Party of Canada,Nova Scotia,"Mackenzie, Alexander",1877.02.02 - 1921.09.12 ,1877.02.02 , 1921.09.12 ,(Death),1,2,9,1,2,2,2,2,2,1,2,9,9,1,1,1,2,1,1,2,1,1,1,2,2,1,9,2,1,1,2,1,1,2,2,2,2,1,1,2,2,2,1,1